id,first_name,last_name,email,gender,ip_address
1,Bryant,Roback,broback0@craigslist.org,Male,122.212.119.172
2,Isabel,Sudran,isudran1@si.edu,Female,21.3.42.143
3,Fiann,Jupe,fjupe2@smh.com.au,Female,47.135.236.58
4,Cosmo,Girodias,cgirodias3@sciencedaily.com,Male,19.101.103.202
5,Lief,MacAnelley,lmacanelley4@e-recht24.de,Male,109.169.176.12
6,Aldous,Judron,ajudron5@cnn.com,Male,14.215.52.177
7,Marnie,O'Crevan,mocrevan6@indiatimes.com,Female,96.30.183.68
8,Bobby,Richin,brichin7@digg.com,Male,69.37.10.227
9,Edmon,Gorhardt,egorhardt8@cnet.com,Male,192.210.210.253
10,Bron,Flower,bflower9@smh.com.au,Male,37.197.167.148
11,Kim,Ferier,kferiera@scientificamerican.com,Male,55.161.197.97
12,Guenevere,Coldham,gcoldhamb@va.gov,Female,185.90.22.26
13,Peggie,Snugg,psnuggc@toplist.cz,Female,29.110.30.9
14,Kiley,Bugdale,kbugdaled@epa.gov,Female,238.51.10.121
15,Dame,Heinritz,dheinritze@t.co,Male,128.152.74.130
16,Lucho,MacCostigan,lmaccostiganf@tamu.edu,Male,141.134.240.42
17,Aluino,Ellcock,aellcockg@mapquest.com,Male,180.110.130.72
18,Jonathon,Woodyear,jwoodyearh@meetup.com,Male,243.6.22.94
19,Bar,Barkley,bbarkleyi@digg.com,Male,212.62.226.22
20,Rose,Darrow,rdarrowj@senate.gov,Female,120.235.89.180
21,Winifield,Sueter,wsueterk@over-blog.com,Male,52.79.236.175
22,Timmi,Garbar,tgarbarl@jigsy.com,Female,109.124.188.207
23,Nelle,Swigger,nswiggerm@chicagotribune.com,Female,80.175.61.131
24,Gladys,Janu,gjanun@mlb.com,Female,93.171.97.154
25,Mariellen,Clericoates,mclericoateso@ask.com,Female,58.53.230.147
26,Suzanne,Reedshaw,sreedshawp@jigsy.com,Female,96.35.57.61
27,Marthe,Fassan,mfassanq@goo.ne.jp,Female,196.15.212.122
28,Jenica,Larkcum,jlarkcumr@unblog.fr,Female,73.243.70.29
29,Anastasia,Flory,aflorys@webs.com,Female,63.224.230.61
30,Bay,Randal,brandalt@skyrock.com,Male,176.180.252.167
31,Rufus,Kilalea,rkilaleau@economist.com,Male,169.216.92.147
32,Marybeth,Petyakov,mpetyakovv@wsj.com,Female,202.47.215.150
33,Corrie,Canedo,ccanedow@vimeo.com,Female,252.70.16.25
34,Brooke,Cazin,bcazinx@dell.com,Female,178.83.192.207
35,Luise,Anglim,langlimy@blinklist.com,Female,175.138.235.123
36,Linus,Rosekilly,lrosekillyz@odnoklassniki.ru,Male,189.235.250.124
37,Hazlett,Birdfield,hbirdfield10@google.ru,Male,189.157.106.133
38,Marvin,Burras,mburras11@google.it,Male,85.177.206.53
39,Bar,Fills,bfills12@last.fm,Male,88.107.15.108
40,Yankee,Margeram,ymargeram13@g.co,Male,8.208.188.251
41,Edy,Papierz,epapierz14@cbsnews.com,Female,42.230.194.21
42,Josephine,Copper,jcopper15@rakuten.co.jp,Female,215.228.235.190
43,Reeba,Puckring,rpuckring16@marketwatch.com,Female,159.145.156.80
44,Jeramey,Bostock,jbostock17@wikimedia.org,Male,113.226.102.54
45,Dermot,Tackell,dtackell18@shop-pro.jp,Male,24.89.255.119
46,Maurine,Haskell,mhaskell19@baidu.com,Female,220.11.28.122
47,Tucker,Churches,tchurches1a@columbia.edu,Male,141.170.217.206
48,Eden,Jaulmes,ejaulmes1b@cafepress.com,Female,97.39.200.69
49,Jeannette,Lindemann,jlindemann1c@tamu.edu,Female,54.37.249.212
50,Hyacinthie,Brandenburg,hbrandenburg1d@wired.com,Female,75.93.215.0
51,Uriel,Kernley,ukernley1e@cloudflare.com,Male,232.100.112.191
52,Roda,Pawfoot,rpawfoot1f@tripadvisor.com,Female,156.244.156.100
53,Witty,Vader,wvader1g@google.cn,Male,5.89.90.61
54,Sarge,Caldairou,scaldairou1h@com.com,Male,252.18.240.228
55,Arlen,Lumsdaine,alumsdaine1i@jugem.jp,Male,221.87.92.80
56,Etienne,Spratt,espratt1j@homestead.com,Male,103.47.54.254
57,Gwynne,Skillern,gskillern1k@jalbum.net,Female,60.176.29.17
58,Waylin,Moakson,wmoakson1l@umn.edu,Male,31.253.59.180
59,Aveline,Winkle,awinkle1m@intel.com,Female,208.97.19.161
60,Jarid,Archibold,jarchibold1n@aboutads.info,Male,63.148.1.1
61,Lilli,Sainte Paul,lsaintepaul1o@stumbleupon.com,Female,124.41.183.57
62,Lela,Kubasek,lkubasek1p@hatena.ne.jp,Female,13.196.127.84
63,Angil,Zealander,azealander1q@netvibes.com,Female,104.207.63.160
64,Nydia,Warret,nwarret1r@apple.com,Female,216.33.150.219
65,Marchall,Ghidoni,mghidoni1s@sbwire.com,Male,69.243.209.141
66,Lise,Jeffryes,ljeffryes1t@hostgator.com,Female,88.85.199.66
67,Gauthier,Dosdill,gdosdill1u@xrea.com,Male,212.35.129.107
68,Fransisco,Phippin,fphippin1v@wired.com,Male,163.54.22.141
69,Tonnie,Divis,tdivis1w@fda.gov,Male,148.155.143.103
70,Irving,Gradwell,igradwell1x@springer.com,Male,183.6.81.201
71,Heindrick,Longson,hlongson1y@sourceforge.net,Male,137.74.71.6
72,Arman,Seymer,aseymer1z@qq.com,Male,189.76.111.46
73,Cathi,Brinson,cbrinson20@furl.net,Female,134.157.55.58
74,Jackquelin,Weddup,jweddup21@cnet.com,Female,254.175.244.189
75,Byrann,Geroldo,bgeroldo22@a8.net,Male,91.97.149.70
76,Rosalinda,McEneny,rmceneny23@state.tx.us,Female,33.230.121.89
77,Melvyn,Raleston,mraleston24@nsw.gov.au,Male,44.145.75.27
78,Ileane,Gove,igove25@ft.com,Female,255.119.166.233
79,Jere,Willavoys,jwillavoys26@chicagotribune.com,Female,129.240.166.99
80,Joel,D'eathe,jdeathe27@51.la,Male,129.218.246.21
81,Emmie,Dyball,edyball28@reference.com,Female,228.227.34.1
82,Lesley,Carnalan,lcarnalan29@canalblog.com,Female,172.218.15.192
83,Eldredge,Blankenship,eblankenship2a@barnesandnoble.com,Male,81.68.17.30
84,Louie,Wozencraft,lwozencraft2b@theglobeandmail.com,Male,205.216.170.15
85,Bartlet,Betjes,bbetjes2c@ibm.com,Male,175.97.63.184
86,Latisha,Clarabut,lclarabut2d@umn.edu,Female,125.63.194.34
87,Wiatt,Backshaw,wbackshaw2e@gnu.org,Male,45.102.45.251
88,Fredelia,Faustian,ffaustian2f@hostgator.com,Female,175.244.242.157
89,Archaimbaud,Blasing,ablasing2g@reuters.com,Male,92.216.235.198
90,Davine,Pesek,dpesek2h@forbes.com,Female,244.173.79.164
91,Norton,Trenbay,ntrenbay2i@amazon.de,Male,91.215.250.169
92,Cecelia,Fanstone,cfanstone2j@feedburner.com,Female,233.13.173.109
93,Rowen,Pope,rpope2k@t.co,Male,211.117.5.71
94,Tilly,Brinson,tbrinson2l@ucoz.com,Female,64.75.135.22
95,Kaylil,McCook,kmccook2m@prlog.org,Female,141.232.178.175
96,Percy,Paslow,ppaslow2n@earthlink.net,Male,205.126.39.6
97,Sunny,Lanham,slanham2o@e-recht24.de,Female,12.234.54.195
98,Mercedes,Ambrosoli,mambrosoli2p@squidoo.com,Female,153.157.102.118
99,Daloris,Kinig,dkinig2q@ted.com,Female,201.98.162.196
100,Jillayne,Niesel,jniesel2r@cargocollective.com,Female,66.210.226.167
101,Karlyn,Pantone,kpantone2s@prnewswire.com,Female,85.161.233.63
102,Hunt,Rouse,hrouse2t@wordpress.org,Male,35.202.63.165
103,Kamilah,Hansell,khansell2u@latimes.com,Female,51.175.172.242
104,Prue,Pionter,ppionter2v@cornell.edu,Female,23.245.239.199
105,Oby,Ankers,oankers2w@bizjournals.com,Male,158.35.40.122
106,Codi,Dredge,cdredge2x@washington.edu,Male,31.212.123.154
107,Thorndike,Potier,tpotier2y@salon.com,Male,31.133.162.212
108,Dore,Lemary,dlemary2z@bloglovin.com,Female,255.51.162.35
109,Cole,Callaby,ccallaby30@nationalgeographic.com,Male,146.7.38.198
110,Hurleigh,Sherwin,hsherwin31@amazon.co.jp,Male,205.183.69.87
111,Inigo,Skalls,iskalls32@desdev.cn,Male,72.83.245.68
112,Whit,McLoughlin,wmcloughlin33@stanford.edu,Male,106.242.100.145
113,Rowe,Spykings,rspykings34@oracle.com,Female,118.203.128.6
114,Faythe,Knutsen,fknutsen35@stanford.edu,Female,187.145.137.196
115,Corbie,Shelper,cshelper36@cdc.gov,Male,106.109.25.0
116,Zared,Bowlands,zbowlands37@weather.com,Male,29.12.66.11
117,Griffy,Sharpley,gsharpley38@woothemes.com,Male,147.14.190.204
118,Milty,Woan,mwoan39@soundcloud.com,Male,75.2.103.253
119,Hobey,Dell Casa,hdellcasa3a@thetimes.co.uk,Male,164.218.18.75
120,Sasha,Fetters,sfetters3b@sfgate.com,Female,252.170.243.53
121,Enrico,Plunket,eplunket3c@scribd.com,Male,12.254.240.253
122,Patton,McOwen,pmcowen3d@digg.com,Male,134.253.150.18
123,Manfred,Leamy,mleamy3e@de.vu,Male,214.155.83.187
124,Sherlock,Mingardo,smingardo3f@cdbaby.com,Male,199.141.170.178
125,Wenona,Gaither,wgaither3g@theglobeandmail.com,Female,20.50.170.226
126,Kathryn,Sell,ksell3h@washingtonpost.com,Female,160.10.186.203
127,Darrel,Ronan,dronan3i@harvard.edu,Male,179.106.37.181
128,Arabella,Micheu,amicheu3j@xrea.com,Female,24.5.27.77
129,Damien,Hurley,dhurley3k@oakley.com,Male,247.54.53.226
130,Ulrich,Jobin,ujobin3l@wunderground.com,Male,93.111.81.213
131,Byrom,Shingles,bshingles3m@php.net,Male,114.95.67.156
132,Svend,Chiddy,schiddy3n@imageshack.us,Male,108.9.227.218
133,Mathilde,Mynett,mmynett3o@alibaba.com,Female,156.15.169.68
134,Lorin,Bailiss,lbailiss3p@w3.org,Male,168.77.139.105
135,Karlyn,Reade,kreade3q@miitbeian.gov.cn,Female,221.185.44.43
136,Nonie,Capner,ncapner3r@indiegogo.com,Female,100.82.1.18
137,Katine,Harcarse,kharcarse3s@163.com,Female,252.113.190.85
138,Kristofor,Larman,klarman3t@youtube.com,Male,89.227.116.166
139,Raychel,Tidbald,rtidbald3u@aboutads.info,Female,41.111.69.95
140,Donavon,Cornford,dcornford3v@amazon.co.uk,Male,84.215.100.20
141,Fitzgerald,Foulkes,ffoulkes3w@theglobeandmail.com,Male,26.40.117.79
142,Dicky,Stampfer,dstampfer3x@cloudflare.com,Male,248.18.157.107
143,Burton,Matyushenko,bmatyushenko3y@meetup.com,Male,149.171.27.105
144,Dulcea,Aimson,daimson3z@princeton.edu,Female,164.193.124.142
145,Gaylene,Preskett,gpreskett40@narod.ru,Female,90.94.94.205
146,Gustavus,Defty,gdefty41@usatoday.com,Male,254.109.40.177
147,Lannie,Shewsmith,lshewsmith42@canalblog.com,Male,56.254.161.107
148,Layla,Gimber,lgimber43@epa.gov,Female,62.139.29.219
149,Alfredo,Paaso,apaaso44@nih.gov,Male,24.204.109.146
150,Sarine,Normanville,snormanville45@furl.net,Female,22.206.197.125
151,Annadiane,Charrette,acharrette46@mac.com,Female,248.103.224.76
152,Malachi,Briand,mbriand47@t-online.de,Male,191.179.64.233
153,Alena,Ondrich,aondrich48@themeforest.net,Female,89.180.2.141
154,Quentin,Beane,qbeane49@jugem.jp,Female,174.108.250.0
155,Cecilius,Copes,ccopes4a@timesonline.co.uk,Male,233.34.38.72
156,Lillian,Bonallack,lbonallack4b@wunderground.com,Female,185.0.79.96
157,Else,Arnoud,earnoud4c@e-recht24.de,Female,158.23.79.178
158,Gwendolen,Castletine,gcastletine4d@bluehost.com,Female,15.60.221.76
159,Ketti,Oleszczak,koleszczak4e@ucoz.com,Female,99.219.103.250
160,Clarice,Neylan,cneylan4f@virginia.edu,Female,3.191.76.46
161,Lucilia,Sides,lsides4g@china.com.cn,Female,253.211.130.43
162,Rene,Brennan,rbrennan4h@google.com,Female,73.23.9.41
163,Tyson,Burder,tburder4i@mtv.com,Male,107.232.137.61
164,Shawn,O'Doireidh,sodoireidh4j@about.com,Male,203.188.145.11
165,Jean,Burges,jburges4k@lulu.com,Female,251.91.37.229
166,Rochette,Josselsohn,rjosselsohn4l@bbc.co.uk,Female,14.59.170.4
167,Francesco,Gebhard,fgebhard4m@jalbum.net,Male,110.82.5.71
168,Onfre,Spleving,ospleving4n@elpais.com,Male,47.80.238.75
169,Hastings,Jeyness,hjeyness4o@mapy.cz,Male,110.7.62.45
170,Bealle,Screas,bscreas4p@pcworld.com,Male,194.236.43.231
171,Pate,Whelband,pwhelband4q@addthis.com,Male,130.34.213.101
172,Nester,McCreery,nmccreery4r@reverbnation.com,Male,242.14.64.134
173,Clarence,De'Vere - Hunt,cdeverehunt4s@google.co.jp,Male,102.89.80.129
174,Aubrey,Eberz,aeberz4t@sbwire.com,Male,110.205.149.152
175,Biddy,Cassella,bcassella4u@instagram.com,Female,243.195.14.2
176,Petronille,Pietranek,ppietranek4v@imageshack.us,Female,169.18.178.5
177,Nessy,Gorger,ngorger4w@netvibes.com,Female,86.101.21.231
178,Con,Carleton,ccarleton4x@weibo.com,Male,72.93.207.22
179,Arnoldo,Lovstrom,alovstrom4y@businesswire.com,Male,187.69.168.190
180,Logan,Tuffrey,ltuffrey4z@sakura.ne.jp,Male,178.19.50.189
181,Augustina,Durdy,adurdy50@fema.gov,Female,108.26.169.85
182,Nertie,Brereton,nbrereton51@pen.io,Female,141.112.175.205
183,Bertrando,Aspel,baspel52@foxnews.com,Male,226.211.141.180
184,Solomon,Loverock,sloverock53@nydailynews.com,Male,4.27.0.140
185,Amelie,Ramshaw,aramshaw54@berkeley.edu,Female,243.54.54.53
186,Ken,Harries,kharries55@bloomberg.com,Male,18.142.141.31
187,Tailor,Klein,tklein56@e-recht24.de,Male,44.65.93.178
188,Myrtie,Keemer,mkeemer57@hostgator.com,Female,201.176.241.65
189,Massimiliano,Catt,mcatt58@devhub.com,Male,198.86.254.86
190,Terese,Dougliss,tdougliss59@dedecms.com,Female,40.141.7.20
191,Tamiko,Colleran,tcolleran5a@omniture.com,Female,132.214.41.182
192,Eli,Ferebee,eferebee5b@yellowpages.com,Male,19.10.202.76
193,Timmie,Pencott,tpencott5c@noaa.gov,Female,195.45.121.209
194,Raoul,Brennen,rbrennen5d@mediafire.com,Male,66.225.234.211
195,Marv,Raulston,mraulston5e@cpanel.net,Male,87.1.182.77
196,Kristina,Janisson,kjanisson5f@google.com,Female,162.239.66.168
197,Aretha,Waud,awaud5g@ustream.tv,Female,214.245.141.156
198,Gerard,Noden,gnoden5h@webeden.co.uk,Male,92.109.234.210
199,Berny,Finnan,bfinnan5i@indiatimes.com,Male,221.25.171.17
200,Angel,Ettridge,aettridge5j@google.co.uk,Male,81.5.22.249
201,Thelma,Seavers,tseavers5k@smugmug.com,Female,72.37.75.22
202,Gerrie,Silvers,gsilvers5l@mozilla.com,Male,191.213.56.168
203,Elvin,Grima,egrima5m@twitter.com,Male,115.226.142.176
204,Josias,Northam,jnortham5n@whitehouse.gov,Male,62.183.79.226
205,Wally,Rihosek,wrihosek5o@plala.or.jp,Male,249.83.92.122
206,Harmonia,Brackley,hbrackley5p@hao123.com,Female,28.93.102.126
207,Siffre,Comusso,scomusso5q@google.es,Male,26.54.244.254
208,Orazio,Medford,omedford5r@europa.eu,Male,187.18.79.203
209,Leontyne,McAless,lmcaless5s@4shared.com,Female,70.193.126.75
210,Willi,Keel,wkeel5t@sciencedaily.com,Male,128.190.208.228
211,Pauli,Wytchard,pwytchard5u@trellian.com,Female,145.252.235.245
212,Sigismund,Muckeen,smuckeen5v@livejournal.com,Male,146.159.236.136
213,Sofia,Lovstrom,slovstrom5w@miibeian.gov.cn,Female,146.95.158.45
214,Adler,Hatley,ahatley5x@kickstarter.com,Male,251.240.12.58
215,Melodee,Inggall,minggall5y@redcross.org,Female,51.126.10.209
216,Hermie,Enocksson,henocksson5z@craigslist.org,Male,207.127.4.177
217,Reyna,De Beauchemp,rdebeauchemp60@discovery.com,Female,95.123.100.221
218,Seamus,Corderoy,scorderoy61@twitpic.com,Male,54.241.109.101
219,Nerissa,Vell,nvell62@sciencedaily.com,Female,65.127.195.49
220,Torre,Huddlestone,thuddlestone63@imdb.com,Male,9.31.21.174
221,Aubert,Blas,ablas64@youtube.com,Male,239.104.66.180
222,Allyn,Corzon,acorzon65@biblegateway.com,Female,46.49.189.153
223,Enrica,Robker,erobker66@reddit.com,Female,97.82.158.135
224,Etty,Weedenburg,eweedenburg67@europa.eu,Female,158.83.111.52
225,Silas,Stubbert,sstubbert68@yahoo.co.jp,Male,166.174.217.233
226,Lotte,Vipan,lvipan69@e-recht24.de,Female,103.13.181.202
227,Dalli,Ambroz,dambroz6a@squidoo.com,Male,147.251.89.24
228,Birk,Delgardo,bdelgardo6b@devhub.com,Male,155.17.94.167
229,Ferne,Daniel,fdaniel6c@ucoz.ru,Female,44.133.81.181
230,Melamie,Macon,mmacon6d@mozilla.org,Female,164.242.137.101
231,Sarah,Jinkin,sjinkin6e@so-net.ne.jp,Female,162.168.127.191
232,Lea,Geyton,lgeyton6f@addthis.com,Female,54.57.108.86
233,Eydie,Lacknor,elacknor6g@yellowpages.com,Female,59.76.183.216
234,Catherine,Semark,csemark6h@cdbaby.com,Female,192.12.164.40
235,Lonnard,Impleton,limpleton6i@ask.com,Male,150.115.2.95
236,Job,Merill,jmerill6j@sogou.com,Male,149.150.234.200
237,Gallagher,McGonnell,gmcgonnell6k@blogger.com,Male,242.168.27.147
238,Miguela,Summons,msummons6l@feedburner.com,Female,127.203.239.116
239,Ambrosi,Bowry,abowry6m@nymag.com,Male,201.185.49.34
240,Nikolos,Rhubottom,nrhubottom6n@google.cn,Male,230.88.49.240
241,Tobie,Keitch,tkeitch6o@webmd.com,Male,1.78.124.1
242,Bil,Colvin,bcolvin6p@de.vu,Male,177.18.2.108
243,Aridatha,Stabbins,astabbins6q@walmart.com,Female,101.161.183.114
244,Sallyanne,Griffith,sgriffith6r@comsenz.com,Female,148.74.67.207
245,Hollie,Daddow,hdaddow6s@clickbank.net,Female,46.16.164.12
246,Janaye,Cullinane,jcullinane6t@wisc.edu,Female,205.100.211.86
247,Mureil,Runge,mrunge6u@delicious.com,Female,8.137.169.221
248,Ravi,Sivyer,rsivyer6v@msn.com,Male,76.211.26.243
249,Donnie,Doget,ddoget6w@studiopress.com,Male,129.115.122.119
250,Tirrell,Durnell,tdurnell6x@gravatar.com,Male,57.185.229.208
251,Laurent,Perkins,lperkins6y@pinterest.com,Male,35.199.79.250
252,Bradan,Orleton,borleton6z@columbia.edu,Male,83.175.133.75
253,Cleo,Verry,cverry70@dedecms.com,Female,158.193.117.82
254,Lemmy,Mergue,lmergue71@bing.com,Male,157.226.250.240
255,Solly,Hainey`,shainey72@si.edu,Male,192.240.112.24
256,Glenda,Warnock,gwarnock73@usda.gov,Female,216.203.73.74
257,Merrie,Hufton,mhufton74@telegraph.co.uk,Female,72.105.184.61
258,Montgomery,Janczewski,mjanczewski75@state.gov,Male,65.107.11.46
259,Faye,Peyes,fpeyes76@exblog.jp,Female,141.144.252.247
260,Tiena,Casebourne,tcasebourne77@creativecommons.org,Female,141.91.7.209
261,Trev,Koopman,tkoopman78@umn.edu,Male,30.211.109.202
262,Duane,Larvent,dlarvent79@hao123.com,Male,6.229.48.99
263,Philipa,Enever,penever7a@independent.co.uk,Female,88.64.227.48
264,Angelo,Yirrell,ayirrell7b@msu.edu,Male,159.224.225.53
265,Karil,Dows,kdows7c@wix.com,Female,41.101.239.176
266,Eddie,Batrip,ebatrip7d@ameblo.jp,Male,63.229.84.187
267,Pieter,Pattemore,ppattemore7e@shop-pro.jp,Male,131.27.79.68
268,Martie,Triswell,mtriswell7f@bravesites.com,Male,41.250.239.83
269,Shaun,Livezley,slivezley7g@scientificamerican.com,Male,30.203.200.145
270,Jaymie,Feige,jfeige7h@scribd.com,Male,161.238.43.197
271,Merridie,Cossington,mcossington7i@delicious.com,Female,24.133.192.74
272,Tessy,Hegg,thegg7j@springer.com,Female,4.6.44.191
273,Karoly,Wyse,kwyse7k@wikimedia.org,Male,36.107.100.177
274,Lorenza,Feben,lfeben7l@domainmarket.com,Female,167.189.211.96
275,Mireielle,Climson,mclimson7m@com.com,Female,133.109.193.217
276,Nikki,Porcher,nporcher7n@ameblo.jp,Female,130.150.58.68
277,Arabella,Songust,asongust7o@flavors.me,Female,100.29.16.232
278,Elise,Howels,ehowels7p@networksolutions.com,Female,131.4.94.13
279,Annaliese,Ganford,aganford7q@hp.com,Female,118.12.206.162
280,Valida,Chellenham,vchellenham7r@wunderground.com,Female,1.121.34.179
281,Baily,Vinas,bvinas7s@desdev.cn,Male,67.136.240.31
282,Mikel,Shapiro,mshapiro7t@mayoclinic.com,Male,90.219.108.56
283,Merwin,Zoephel,mzoephel7u@google.com.hk,Male,33.187.149.41
284,Hewe,Dryburgh,hdryburgh7v@typepad.com,Male,162.142.255.242
285,Edward,Jantot,ejantot7w@kickstarter.com,Male,20.148.212.50
286,Tynan,Lindborg,tlindborg7x@ustream.tv,Male,120.192.84.24
287,Fredericka,Saddleton,fsaddleton7y@hud.gov,Female,75.136.211.103
288,Evangeline,Drane,edrane7z@ebay.co.uk,Female,144.67.137.35
289,Pam,Yakov,pyakov80@gizmodo.com,Female,53.207.80.55
290,Bryanty,Tym,btym81@soup.io,Male,115.237.208.17
291,Tuesday,Pendrigh,tpendrigh82@ucsd.edu,Female,129.42.122.57
292,My,McKeighen,mmckeighen83@columbia.edu,Male,237.226.209.178
293,Hermie,Savary,hsavary84@foxnews.com,Male,22.103.220.110
294,Trina,Colbran,tcolbran85@hao123.com,Female,113.234.218.124
295,Hobie,Ormonde,hormonde86@digg.com,Male,18.117.136.35
296,Addy,Gadault,agadault87@odnoklassniki.ru,Male,9.16.106.252
297,Archy,Pomfret,apomfret88@360.cn,Male,148.184.192.192
298,Annie,Filchakov,afilchakov89@pen.io,Female,136.96.14.152
299,Cleavland,MacSkeagan,cmacskeagan8a@wufoo.com,Male,98.60.77.28
300,Dedra,Pharro,dpharro8b@google.nl,Female,214.130.97.164
301,Robinette,Webb,rwebb8c@skype.com,Female,19.71.4.139
302,Merridie,Rau,mrau8d@telegraph.co.uk,Female,122.112.229.46
303,Dacia,Tidswell,dtidswell8e@amazonaws.com,Female,85.66.167.103
304,Del,Caverhill,dcaverhill8f@reuters.com,Female,70.192.238.73
305,Janeva,Cafe,jcafe8g@elegantthemes.com,Female,163.158.81.90
306,Basil,Hebdon,bhebdon8h@webeden.co.uk,Male,165.90.116.151
307,Hermy,Johl,hjohl8i@washington.edu,Male,24.17.245.55
308,Galven,Abrey,gabrey8j@ca.gov,Male,207.67.136.45
309,Mignon,Huff,mhuff8k@hao123.com,Female,102.164.46.52
310,Farra,Naulls,fnaulls8l@army.mil,Female,92.198.49.223
311,Milty,Longland,mlongland8m@creativecommons.org,Male,135.163.238.203
312,Harlen,Macoun,hmacoun8n@myspace.com,Male,39.240.31.173
313,Harmon,Mackison,hmackison8o@dailymotion.com,Male,158.97.205.4
314,Joelly,Cussons,jcussons8p@ovh.net,Female,224.114.134.59
315,Ferdinand,Grishkov,fgrishkov8q@wisc.edu,Male,42.145.253.138
316,Leandra,Radolf,lradolf8r@squarespace.com,Female,34.85.188.47
317,Constantino,Dehm,cdehm8s@goodreads.com,Male,5.127.95.33
318,Gwyn,Bursnoll,gbursnoll8t@omniture.com,Female,246.77.25.78
319,Bobbie,Plampin,bplampin8u@spiegel.de,Female,211.4.194.167
320,Christophorus,Braferton,cbraferton8v@blogger.com,Male,187.140.31.95
321,Sophronia,Fay,sfay8w@salon.com,Female,18.16.56.211
322,Ricki,Cheyne,rcheyne8x@google.de,Female,217.19.60.249
323,Dante,Jaquemar,djaquemar8y@macromedia.com,Male,149.198.227.214
324,Elsie,Swendell,eswendell8z@google.com,Female,89.22.143.126
325,Claudina,Creggan,ccreggan90@myspace.com,Female,150.149.99.20
326,Rutter,Whisson,rwhisson91@vistaprint.com,Male,69.36.23.97
327,Marjy,Pavie,mpavie92@uol.com.br,Female,126.2.42.107
328,Daile,Marchington,dmarchington93@accuweather.com,Female,29.240.167.132
329,Saul,Wibrow,swibrow94@elpais.com,Male,195.133.15.75
330,Theodoric,Artus,tartus95@about.com,Male,148.159.193.42
331,Terese,Connaughton,tconnaughton96@wikia.com,Female,120.114.50.38
332,Meredithe,Folomin,mfolomin97@tinypic.com,Female,200.57.252.195
333,Mindy,Rosenfelt,mrosenfelt98@biblegateway.com,Female,75.203.97.37
334,Odell,Dietmar,odietmar99@sina.com.cn,Male,1.85.57.180
335,Terese,Kadar,tkadar9a@washingtonpost.com,Female,212.104.20.135
336,Desirae,Headings,dheadings9b@joomla.org,Female,87.164.51.203
337,Ollie,Hallbird,ohallbird9c@hexun.com,Female,85.75.91.217
338,Grover,Wellington,gwellington9d@theguardian.com,Male,236.149.170.109
339,Abey,Nicolls,anicolls9e@oakley.com,Male,4.53.9.163
340,Helene,Cestard,hcestard9f@telegraph.co.uk,Female,156.168.227.142
341,Bird,Honig,bhonig9g@answers.com,Female,77.87.221.171
342,Dinnie,Blakebrough,dblakebrough9h@shop-pro.jp,Female,232.45.102.229
343,Tomasine,Lethabridge,tlethabridge9i@senate.gov,Female,0.10.100.223
344,Cyrill,Billborough,cbillborough9j@linkedin.com,Male,240.112.242.240
345,Miquela,Seccombe,mseccombe9k@oracle.com,Female,85.15.17.101
346,Arliene,Roycraft,aroycraft9l@timesonline.co.uk,Female,15.73.208.250
347,Fonz,Scopes,fscopes9m@businessinsider.com,Male,129.47.88.80
348,Vina,Kelcey,vkelcey9n@princeton.edu,Female,172.231.43.225
349,Kristofer,Enion,kenion9o@flickr.com,Male,205.154.66.166
350,Perceval,Gerholz,pgerholz9p@myspace.com,Male,145.157.138.125
351,Alix,Colnett,acolnett9q@amazon.co.uk,Female,50.89.118.66
352,Lorette,Pavkovic,lpavkovic9r@ezinearticles.com,Female,118.156.193.199
353,Alana,Stille,astille9s@google.com.hk,Female,227.138.190.37
354,Carlie,Rulten,crulten9t@sogou.com,Female,239.229.182.95
355,Harmony,Snelgar,hsnelgar9u@wikispaces.com,Female,146.119.174.146
356,Rosabelle,Proughten,rproughten9v@fastcompany.com,Female,133.104.90.89
357,John,Seadon,jseadon9w@163.com,Male,176.180.218.248
358,Imojean,Deinhardt,ideinhardt9x@examiner.com,Female,182.211.145.206
359,Sanders,Ainslie,sainslie9y@blinklist.com,Male,141.82.243.139
360,Emerson,McGreal,emcgreal9z@utexas.edu,Male,131.79.59.50
361,Gilbert,Cappel,gcappela0@gnu.org,Male,242.34.255.40
362,Delores,Albery,dalberya1@google.cn,Female,3.61.155.19
363,Jolynn,Jurca,jjurcaa2@instagram.com,Female,146.174.36.59
364,Leopold,Fisher,lfishera3@tinypic.com,Male,43.112.148.238
365,Cathyleen,Clapson,cclapsona4@theglobeandmail.com,Female,104.234.53.1
366,Jourdain,Zanussii,jzanussiia5@studiopress.com,Male,233.51.57.255
367,Wallie,Budnik,wbudnika6@altervista.org,Female,89.41.84.28
368,Jude,Couttes,jcouttesa7@pagesperso-orange.fr,Male,103.11.210.105
369,Joni,Gillott,jgillotta8@cnn.com,Female,164.44.221.3
370,Hamil,Aire,hairea9@dot.gov,Male,164.34.74.169
371,Reuben,Scamadin,rscamadinaa@sakura.ne.jp,Male,12.67.148.60
372,Edin,Bidder,ebidderab@angelfire.com,Female,222.54.166.216
373,Carmelia,McVee,cmcveeac@skyrock.com,Female,245.217.129.195
374,Kylie,Keoghan,kkeoghanad@com.com,Female,197.13.41.71
375,Tabbitha,Fynan,tfynanae@wix.com,Female,173.145.155.63
376,Krispin,Tandy,ktandyaf@trellian.com,Male,60.155.70.227
377,Laural,Ballaam,lballaamag@shareasale.com,Female,36.213.182.51
378,Kalle,Brockelsby,kbrockelsbyah@opera.com,Male,176.253.144.103
379,Ellis,Frosdick,efrosdickai@de.vu,Male,86.62.178.106
380,Ronalda,Barby,rbarbyaj@army.mil,Female,249.104.243.140
381,Nedda,Brunelli,nbrunelliak@msu.edu,Female,0.156.116.154
382,Hinze,D'Costa,hdcostaal@smugmug.com,Male,40.131.116.131
383,Jordan,Ramm,jrammam@woothemes.com,Female,209.42.216.195
384,Leonanie,Grindrod,lgrindrodan@biglobe.ne.jp,Female,242.156.88.206
385,Cchaddie,Fairpo,cfairpoao@cnet.com,Male,39.13.169.124
386,Eloise,Worthington,eworthingtonap@phoca.cz,Female,143.127.160.221
387,Jamie,Tonner,jtonneraq@java.com,Female,102.89.161.244
388,Hillary,Freear,hfreearar@ox.ac.uk,Male,83.231.87.72
389,Meryl,Klosser,mklosseras@noaa.gov,Male,79.206.69.109
390,Rosemonde,Tremblet,rtrembletat@dagondesign.com,Female,207.246.107.161
391,Junia,Butcher,jbutcherau@archive.org,Female,86.227.213.230
392,Nelie,Fischer,nfischerav@studiopress.com,Female,221.163.69.67
393,Stormi,Lohan,slohanaw@admin.ch,Female,10.83.195.133
394,Ronica,Wormell,rwormellax@addtoany.com,Female,17.2.26.244
395,Mill,Bownes,mbownesay@scribd.com,Male,31.85.69.180
396,Benedetto,Thomsson,bthomssonaz@pinterest.com,Male,38.116.6.187
397,Darby,Josovich,djosovichb0@yelp.com,Female,231.233.187.52
398,Cassandre,Denver,cdenverb1@trellian.com,Female,28.15.173.254
399,Ethelbert,Sturdey,esturdeyb2@1688.com,Male,232.248.204.255
400,Shaun,Setch,ssetchb3@discovery.com,Female,241.116.149.82
401,Joleen,Binks,jbinksb4@google.com,Female,205.146.189.68
402,Dolf,de Guerre,ddeguerreb5@si.edu,Male,105.119.21.252
403,Rodger,Davidovitz,rdavidovitzb6@histats.com,Male,33.169.30.4
404,Sheppard,Lyptrade,slyptradeb7@soundcloud.com,Male,155.110.196.217
405,Bernice,Marsham,bmarshamb8@typepad.com,Female,173.77.71.71
406,Dru,Tumbridge,dtumbridgeb9@domainmarket.com,Male,249.168.59.89
407,Stacee,Lewnden,slewndenba@wikipedia.org,Female,106.71.211.127
408,Giselle,De Bruijne,gdebruijnebb@aol.com,Female,53.52.189.160
409,Isidora,Sant,isantbc@omniture.com,Female,81.244.141.142
410,Link,MacDowal,lmacdowalbd@google.es,Male,243.247.134.97
411,Barbabas,Pally,bpallybe@wp.com,Male,233.114.2.39
412,Wendeline,Parman,wparmanbf@narod.ru,Female,196.89.149.220
413,Freeland,Cobbald,fcobbaldbg@deliciousdays.com,Male,246.234.161.231
414,Brion,Hanmer,bhanmerbh@drupal.org,Male,77.172.144.158
415,Daron,Culter,dculterbi@army.mil,Female,103.71.138.228
416,Dotty,Jacobowits,djacobowitsbj@columbia.edu,Female,121.33.167.53
417,Townie,Deshorts,tdeshortsbk@about.me,Male,215.139.182.245
418,Philly,Moyle,pmoylebl@acquirethisname.com,Female,9.88.213.151
419,Wilton,Essery,wesserybm@free.fr,Male,181.199.252.23
420,Alexine,Arson,aarsonbn@nyu.edu,Female,166.90.192.221
421,Kimberlee,Jahan,kjahanbo@ovh.net,Female,52.161.116.91
422,Gorden,Grollmann,ggrollmannbp@trellian.com,Male,207.76.44.205
423,Leigh,Ary,larybq@livejournal.com,Male,170.12.3.76
424,Dina,Ashbrook,dashbrookbr@latimes.com,Female,130.68.73.162
425,Ian,Mulholland,imulhollandbs@army.mil,Male,53.142.151.172
426,Milissent,Genty,mgentybt@over-blog.com,Female,115.64.251.137
427,Bryanty,Freckelton,bfreckeltonbu@globo.com,Male,218.141.226.45
428,Joy,Arber,jarberbv@tripadvisor.com,Female,134.73.150.161
429,Maureen,Doring,mdoringbw@artisteer.com,Female,88.151.84.128
430,Mac,Sutherland,msutherlandbx@alexa.com,Male,76.90.129.161
431,Micheil,Ellen,mellenby@census.gov,Male,253.116.67.158
432,Averill,Dyhouse,adyhousebz@delicious.com,Male,92.12.120.112
433,Sigismundo,Blinckhorne,sblinckhornec0@yellowbook.com,Male,228.241.23.214
434,Rachel,Leirmonth,rleirmonthc1@bing.com,Female,114.126.102.155
435,Lynn,Hovert,lhovertc2@g.co,Male,22.14.217.0
436,Maryellen,Yitzhok,myitzhokc3@seattletimes.com,Female,248.187.174.213
437,Marty,Thalmann,mthalmannc4@illinois.edu,Male,52.60.103.109
438,Graig,Aizikovitch,gaizikovitchc5@vinaora.com,Male,164.109.142.119
439,Leslie,Skea,lskeac6@sphinn.com,Male,14.217.192.99
440,Keelia,McKnockiter,kmcknockiterc7@dedecms.com,Female,67.246.78.51
441,Quentin,Etchingham,qetchinghamc8@symantec.com,Male,44.246.213.128
442,Scot,MacPeice,smacpeicec9@sourceforge.net,Male,5.216.28.202
443,Francois,Baker,fbakerca@shutterfly.com,Male,35.122.43.186
444,Alex,Dubock,adubockcb@irs.gov,Male,195.239.223.202
445,Piotr,Cordrey,pcordreycc@springer.com,Male,114.187.128.116
446,Odelia,Kitcher,okitchercd@ca.gov,Female,80.3.183.180
447,Chicky,Wernher,cwernherce@g.co,Male,5.222.194.226
448,Alastair,Vegas,avegascf@nhs.uk,Male,143.14.98.64
449,Scottie,Osbiston,sosbistoncg@whitehouse.gov,Male,166.102.94.232
450,Aurea,Laming,alamingch@google.pl,Female,141.177.60.82
451,Leland,Bovey,lboveyci@telegraph.co.uk,Male,122.42.1.250
452,Marsh,Giffon,mgiffoncj@nydailynews.com,Male,6.131.168.156
453,Galvin,Persehouse,gpersehouseck@microsoft.com,Male,254.3.90.156
454,Melamie,MacConnal,mmacconnalcl@networkadvertising.org,Female,127.189.73.81
455,Rickey,Chitham,rchithamcm@boston.com,Male,219.98.86.252
456,Jacquenetta,Kirkam,jkirkamcn@deliciousdays.com,Female,90.139.215.61
457,Keeley,Peerman,kpeermanco@dailymail.co.uk,Female,8.139.13.225
458,Bear,Carvell,bcarvellcp@deliciousdays.com,Male,249.147.171.238
459,Nerta,Eccleshare,necclesharecq@kickstarter.com,Female,74.100.83.36
460,Rex,Irving,rirvingcr@dailymail.co.uk,Male,233.211.110.185
461,Angelica,Thornthwaite,athornthwaitecs@vk.com,Female,116.122.99.203
462,Estrella,Crosoer,ecrosoerct@wufoo.com,Female,23.64.39.217
463,Jodie,Jarman,jjarmancu@goodreads.com,Female,104.239.130.95
464,Gearard,Karlolak,gkarlolakcv@csmonitor.com,Male,198.137.159.243
465,Ynes,Freyne,yfreynecw@wiley.com,Female,141.222.56.155
466,Lucas,Puncher,lpunchercx@zimbio.com,Male,134.58.43.74
467,Minda,Jirousek,mjirousekcy@google.com.hk,Female,163.99.30.248
468,Modestine,Biles,mbilescz@foxnews.com,Female,140.125.209.119
469,Gilbert,Dodgson,gdodgsond0@google.ru,Male,49.164.43.60
470,Trstram,Pasley,tpasleyd1@facebook.com,Male,202.172.183.97
471,Galvan,Dauney,gdauneyd2@cnet.com,Male,250.88.188.113
472,Matt,Featherston,mfeatherstond3@forbes.com,Male,117.106.85.226
473,Jemmy,Audley,jaudleyd4@hugedomains.com,Female,197.61.119.31
474,Kipper,Munning,kmunningd5@nature.com,Male,66.220.70.189
475,Kathrine,Scowcraft,kscowcraftd6@boston.com,Female,48.34.172.90
476,Olenolin,Cowling,ocowlingd7@eventbrite.com,Male,217.147.201.212
477,Cary,Olden,coldend8@seattletimes.com,Female,46.238.39.54
478,Tallia,Loveard,tloveardd9@rediff.com,Female,37.254.21.227
479,Ray,Giacovazzo,rgiacovazzoda@alexa.com,Female,235.190.228.35
480,Kaylee,Petit,kpetitdb@va.gov,Female,4.233.67.237
481,Kendricks,Hanington,khaningtondc@dailymotion.com,Male,216.227.58.96
482,Cole,Hadeke,chadekedd@omniture.com,Male,255.47.98.237
483,Stavro,Maltster,smaltsterde@gravatar.com,Male,240.161.199.107
484,Clarie,Inglefield,cinglefielddf@altervista.org,Female,44.125.110.59
485,Chaddy,Eagleston,ceaglestondg@weebly.com,Male,243.255.25.38
486,Dorian,Gutsell,dgutselldh@cdc.gov,Male,233.186.251.56
487,Roscoe,Bearn,rbearndi@sakura.ne.jp,Male,191.222.40.101
488,Frasier,Morfett,fmorfettdj@springer.com,Male,5.88.78.150
489,Linnet,Glanders,lglandersdk@ocn.ne.jp,Female,136.138.210.104
490,Virgie,Start,vstartdl@ifeng.com,Female,94.207.246.124
491,Ardra,Michie,amichiedm@mail.ru,Female,139.208.76.20
492,Goraud,Peye,gpeyedn@bloglines.com,Male,144.86.25.231
493,Gena,Jaslem,gjaslemdo@lycos.com,Female,147.233.80.89
494,Cristin,Feaveryear,cfeaveryeardp@facebook.com,Female,37.10.239.217
495,Nadia,Jaquiss,njaquissdq@stumbleupon.com,Female,102.254.243.62
496,Patience,Sirmond,psirmonddr@ucoz.com,Female,68.60.132.48
497,Fabien,Corbie,fcorbieds@lycos.com,Male,48.1.146.59
498,Dwayne,Mowsdale,dmowsdaledt@illinois.edu,Male,234.124.187.102
499,Pepito,Stollmeyer,pstollmeyerdu@psu.edu,Male,254.162.29.212
500,Isidora,Edmott,iedmottdv@sina.com.cn,Female,4.68.110.129
501,Bernete,Baynes,bbaynesdw@thetimes.co.uk,Female,12.25.241.160
502,Chase,Davies,cdaviesdx@aboutads.info,Male,27.164.154.55
503,Kalli,Cato,kcatody@reddit.com,Female,22.53.46.156
504,Meredeth,Dorn,mdorndz@rediff.com,Male,68.237.236.172
505,Ardine,Bunning,abunninge0@nymag.com,Female,205.49.34.1
506,Leda,Kennaird,lkennairde1@discovery.com,Female,104.229.141.70
507,Karole,Joret,kjorete2@dyndns.org,Female,200.6.126.96
508,Creigh,Boardman,cboardmane3@vimeo.com,Male,221.137.51.126
509,Perle,Milborn,pmilborne4@chicagotribune.com,Female,10.215.190.78
510,Erna,Facher,efachere5@quantcast.com,Female,130.181.31.136
511,Jillane,Ravenhill,jravenhille6@sun.com,Female,77.143.76.86
512,Shayna,Abbes,sabbese7@hibu.com,Female,166.247.143.229
513,Laurie,Kleinsmuntz,lkleinsmuntze8@sitemeter.com,Male,66.223.199.141
514,Millisent,Jacop,mjacope9@github.io,Female,29.199.130.7
515,Martino,Harvard,mharvardea@google.co.uk,Male,207.126.175.55
516,Simon,Giraux,sgirauxeb@printfriendly.com,Male,175.117.78.225
517,Carla,Alcott,calcottec@oakley.com,Female,180.10.119.154
518,Cherry,Flea,cfleaed@wikipedia.org,Female,191.14.54.99
519,Crystal,Whitfield,cwhitfieldee@delicious.com,Female,65.90.237.195
520,Korrie,Digby,kdigbyef@histats.com,Female,166.3.171.160
521,Sharai,Klees,skleeseg@google.com,Female,197.229.20.162
522,Linnet,Cuffin,lcuffineh@g.co,Female,38.203.44.166
523,Karlie,Hayfield,khayfieldei@wordpress.com,Female,118.133.241.217
524,Vinita,Gogan,vgoganej@photobucket.com,Female,239.230.149.238
525,Coriss,Yeldham,cyeldhamek@amazon.co.jp,Female,182.44.32.128
526,Darbie,Enderson,dendersonel@va.gov,Female,39.100.165.116
527,Aila,Garthland,agarthlandem@imageshack.us,Female,246.226.86.192
528,Roland,Brody,rbrodyen@wikimedia.org,Male,123.95.118.223
529,Erv,Carous,ecarouseo@techcrunch.com,Male,102.141.37.140
530,Lind,Burston,lburstonep@yellowbook.com,Male,115.210.79.121
531,Marice,Ricketts,mrickettseq@free.fr,Female,52.116.160.21
532,Sarge,Linch,slincher@php.net,Male,176.28.247.61
533,Ramonda,Lancaster,rlancasteres@mac.com,Female,163.215.168.166
534,Jess,Aronovitz,jaronovitzet@engadget.com,Female,50.234.171.84
535,Bill,Halleday,bhalledayeu@unc.edu,Female,72.91.123.168
536,Afton,Caldecott,acaldecottev@gizmodo.com,Female,38.161.111.145
537,Tucky,Heed,theedew@cyberchimps.com,Male,117.148.25.29
538,Karlotta,Woodard,kwoodardex@cocolog-nifty.com,Female,13.104.74.63
539,Cristy,Segeswoeth,csegeswoethey@weibo.com,Female,228.180.171.191
540,Benito,Paulillo,bpaulilloez@mail.ru,Male,207.137.7.18
541,Alex,Wickerson,awickersonf0@berkeley.edu,Female,20.99.0.248
542,Idaline,Duffan,iduffanf1@pbs.org,Female,47.138.27.91
543,Antony,Hover,ahoverf2@tripadvisor.com,Male,116.88.210.246
544,Verena,Gebuhr,vgebuhrf3@plala.or.jp,Female,130.113.171.112
545,Veronica,Duplan,vduplanf4@vinaora.com,Female,12.143.161.156
546,Mike,Faust,mfaustf5@google.pl,Male,161.60.94.172
547,Milty,Brotherhed,mbrotherhedf6@t.co,Male,208.181.45.111
548,Ashby,Killeley,akilleleyf7@ning.com,Male,237.100.157.177
549,Abigail,Mattheissen,amattheissenf8@baidu.com,Female,46.167.166.209
550,Francklyn,Roberts,frobertsf9@nifty.com,Male,193.62.18.255
551,Towny,Emptage,temptagefa@scribd.com,Male,16.155.50.73
552,Lura,Knevett,lknevettfb@oaic.gov.au,Female,243.221.90.71
553,Mike,Sextone,msextonefc@nyu.edu,Male,211.153.228.39
554,Karlens,Bouch,kbouchfd@indiatimes.com,Male,183.244.126.12
555,Ivan,Wheeler,iwheelerfe@nbcnews.com,Male,163.212.1.234
556,Eugenia,Boldock,eboldockff@earthlink.net,Female,1.2.206.86
557,Angelico,Ladloe,aladloefg@pbs.org,Male,27.6.101.220
558,Evangeline,Standfield,estandfieldfh@usatoday.com,Female,190.76.81.34
559,Patty,Pimblett,ppimblettfi@acquirethisname.com,Female,240.236.87.130
560,Myrvyn,Tockell,mtockellfj@yandex.ru,Male,25.29.38.148
561,Lucinda,Milstead,lmilsteadfk@slideshare.net,Female,213.165.54.220
562,Townie,Goatman,tgoatmanfl@sogou.com,Male,183.142.34.93
563,Gretna,Bourgaize,gbourgaizefm@gnu.org,Female,71.171.87.1
564,Ainsley,Camelin,acamelinfn@omniture.com,Female,89.119.184.233
565,Kleon,Boles,kbolesfo@apache.org,Male,159.226.93.210
566,Brear,Mechic,bmechicfp@prnewswire.com,Female,181.17.21.56
567,Melonie,Bloys,mbloysfq@google.com.au,Female,243.206.4.29
568,Leoline,Bearblock,lbearblockfr@google.nl,Female,38.224.141.235
569,Nollie,Tym,ntymfs@tuttocitta.it,Male,78.136.17.29
570,Trude,Worsley,tworsleyft@ox.ac.uk,Female,163.254.114.199
571,Rebekah,Poulglais,rpoulglaisfu@yandex.ru,Female,45.109.74.82
572,Northrop,Croysdale,ncroysdalefv@forbes.com,Male,238.11.173.179
573,Erma,Ridding,eriddingfw@umich.edu,Female,204.174.172.104
574,Ulises,Darwin,udarwinfx@edublogs.org,Male,110.244.141.79
575,Emmie,Sperrett,esperrettfy@epa.gov,Female,27.73.55.135
576,Marlene,Dunrige,mdunrigefz@goodreads.com,Female,42.133.163.51
577,Nicole,Freake,nfreakeg0@newyorker.com,Female,71.148.61.76
578,Persis,Goulstone,pgoulstoneg1@about.me,Female,38.46.120.92
579,Cammi,Millichap,cmillichapg2@redcross.org,Female,94.221.64.134
580,Francis,Stamps,fstampsg3@latimes.com,Male,41.212.217.194
581,Trix,Penylton,tpenyltong4@intel.com,Female,153.220.1.127
582,Jo,Cathesyed,jcathesyedg5@reference.com,Male,186.249.120.86
583,Barrie,Kippins,bkippinsg6@flavors.me,Female,226.244.193.13
584,Rollo,Sargood,rsargoodg7@zimbio.com,Male,75.246.163.14
585,Clarie,Kenewel,ckenewelg8@booking.com,Female,14.215.248.222
586,Tim,Jansik,tjansikg9@hatena.ne.jp,Female,1.37.44.117
587,Griffy,Thacker,gthackerga@berkeley.edu,Male,181.109.27.202
588,Mandi,Hoggan,mhoggangb@accuweather.com,Female,121.186.221.38
589,Ashleigh,Ashfield,aashfieldgc@who.int,Female,78.61.40.139
590,Fidela,Lindblad,flindbladgd@oakley.com,Female,97.91.188.104
591,Bellina,Oley,boleyge@apple.com,Female,136.68.8.227
592,Lanette,Jeschner,ljeschnergf@theatlantic.com,Female,2.102.204.156
593,Kally,Bloschke,kbloschkegg@vimeo.com,Female,145.134.125.252
594,Julia,Roskelly,jroskellygh@sun.com,Female,191.145.169.61
595,Leonid,McGairl,lmcgairlgi@chron.com,Male,149.234.4.96
596,Faye,Foy,ffoygj@amazon.de,Female,144.17.127.91
597,Tiff,Theobalds,ttheobaldsgk@vinaora.com,Female,250.206.200.109
598,Jacinda,Aspland,jasplandgl@msn.com,Female,89.122.134.236
599,Daryl,Grayson,dgraysongm@ask.com,Female,137.68.208.178
600,Adolpho,Preshaw,apreshawgn@samsung.com,Male,178.113.0.172
601,Micheil,Gregoretti,mgregorettigo@twitter.com,Male,219.235.61.36
602,Prescott,Henrionot,phenrionotgp@bbc.co.uk,Male,207.250.169.49
603,Laetitia,Baggaley,lbaggaleygq@mapquest.com,Female,69.175.72.111
604,Salomi,Brimilcombe,sbrimilcombegr@delicious.com,Female,70.178.232.222
605,Hurleigh,Goligher,hgolighergs@wp.com,Male,64.19.186.214
606,Kaiser,Teresi,kteresigt@purevolume.com,Male,117.220.108.93
607,Drew,Winspare,dwinsparegu@dyndns.org,Male,190.82.50.213
608,Kali,Roony,kroonygv@accuweather.com,Female,42.118.219.6
609,Codi,Eneas,ceneasgw@ox.ac.uk,Male,29.21.180.14
610,Kacy,Shakelade,kshakeladegx@amazon.com,Female,48.112.118.44
611,Seumas,Attwater,sattwatergy@yellowbook.com,Male,4.224.235.146
612,Dell,Larenson,dlarensongz@pinterest.com,Male,44.9.121.77
613,Kathy,Rainforth,krainforthh0@reddit.com,Female,104.156.154.119
614,Simona,Owtram,sowtramh1@spotify.com,Female,254.236.253.139
615,Grissel,Barok,gbarokh2@wunderground.com,Female,215.167.39.1
616,Lyn,Cratchley,lcratchleyh3@paypal.com,Male,104.30.101.156
617,Gina,McHan,gmchanh4@zimbio.com,Female,149.100.189.231
618,Tremaine,Askey,taskeyh5@ask.com,Male,56.137.74.36
619,Heida,Harbar,hharbarh6@xrea.com,Female,189.31.253.253
620,Thorstein,McMoyer,tmcmoyerh7@opera.com,Male,150.5.133.226
621,Kora,Rochester,krochesterh8@quantcast.com,Female,35.244.195.211
622,Meyer,Coulling,mcoullingh9@thetimes.co.uk,Male,153.78.122.156
623,Nikki,Ive,niveha@howstuffworks.com,Male,58.34.138.218
624,Benito,Saltsberger,bsaltsbergerhb@t-online.de,Male,163.219.206.85
625,Benedict,Alexsandrowicz,balexsandrowiczhc@narod.ru,Male,120.100.211.18
626,Zarah,Matyushonok,zmatyushonokhd@examiner.com,Female,16.143.163.187
627,Clarke,Juckes,cjuckeshe@webeden.co.uk,Male,18.76.129.164
628,Lowe,Fache,lfachehf@tinyurl.com,Male,148.152.242.190
629,Bertram,Tompkinson,btompkinsonhg@tripod.com,Male,162.107.239.232
630,Donall,Connell,dconnellhh@domainmarket.com,Male,99.229.18.174
631,Demott,Dyett,ddyetthi@cyberchimps.com,Male,236.117.66.67
632,Guenna,Aylett,gayletthj@skype.com,Female,69.216.29.99
633,Katlin,Chattoe,kchattoehk@discuz.net,Female,187.64.24.180
634,Rafa,Girod,rgirodhl@free.fr,Female,21.173.64.181
635,Saul,Becket,sbeckethm@epa.gov,Male,199.233.88.63
636,Calv,Nottingham,cnottinghamhn@cdc.gov,Male,98.2.122.194
637,Ginelle,MacMaykin,gmacmaykinho@hud.gov,Female,74.83.235.234
638,Katee,Dignum,kdignumhp@mapy.cz,Female,34.25.112.25
639,Erl,Daymont,edaymonthq@free.fr,Male,155.25.71.103
640,Vernon,Rabbet,vrabbethr@topsy.com,Male,160.92.121.31
641,Fania,Faudrie,ffaudriehs@goo.ne.jp,Female,2.251.139.251
642,Kerk,Greenan,kgreenanht@shareasale.com,Male,191.108.248.151
643,Roman,Mattin,rmattinhu@squidoo.com,Male,244.178.159.209
644,Judon,Likly,jliklyhv@wunderground.com,Male,195.231.10.20
645,Arne,Lush,alushhw@sitemeter.com,Male,82.204.221.59
646,Pip,Wozencraft,pwozencrafthx@123-reg.co.uk,Male,247.212.84.56
647,Elvin,Drew,edrewhy@t.co,Male,21.196.134.238
648,Werner,Robertz,wrobertzhz@163.com,Male,13.162.212.210
649,Aubrie,Leaton,aleatoni0@ustream.tv,Female,130.189.251.105
650,Terencio,Abramov,tabramovi1@disqus.com,Male,20.7.103.247
651,Lilith,Strettle,lstrettlei2@youtu.be,Female,121.205.178.69
652,Lorraine,Dell,ldelli3@dyndns.org,Female,2.153.0.48
653,Jade,Kehoe,jkehoei4@example.com,Female,91.179.48.191
654,Hyman,Dominec,hdomineci5@java.com,Male,16.228.16.100
655,Levin,Winham,lwinhami6@reuters.com,Male,241.118.153.205
656,Tadd,Pierrepont,tpierreponti7@unicef.org,Male,138.161.224.106
657,Moore,Gallelli,mgallellii8@google.it,Male,77.233.134.139
658,Phillipe,Standbrook,pstandbrooki9@indiegogo.com,Male,200.20.151.1
659,Lenci,Heimann,lheimannia@aboutads.info,Male,246.0.28.24
660,Joyce,Keele,jkeeleib@linkedin.com,Female,4.223.75.148
661,Robinson,Knappitt,rknappittic@blogspot.com,Male,87.135.80.201
662,Ruperta,Cantero,rcanteroid@youtu.be,Female,251.240.133.216
663,Valerie,Jiles,vjilesie@goo.ne.jp,Female,60.131.197.191
664,Whittaker,Dellenbrok,wdellenbrokif@storify.com,Male,105.11.81.180
665,Kellen,Bentson,kbentsonig@t-online.de,Female,123.20.66.242
666,Dody,Orrice,dorriceih@adobe.com,Female,165.91.254.121
667,North,Rogger,nroggerii@tinyurl.com,Male,34.37.73.226
668,Kayne,Gullen,kgullenij@blinklist.com,Male,174.81.10.166
669,Crawford,Spadelli,cspadelliik@sphinn.com,Male,197.24.139.87
670,Lynette,Willeson,lwillesonil@google.com.br,Female,163.172.144.129
671,Daloris,Laherty,dlahertyim@nymag.com,Female,84.121.28.23
672,Katleen,Dipple,kdipplein@skyrock.com,Female,95.99.52.222
673,Rozamond,Ratke,rratkeio@virginia.edu,Female,5.155.202.15
674,Garnette,Kuhne,gkuhneip@nydailynews.com,Female,240.60.73.17
675,Nevins,Mityukov,nmityukoviq@prlog.org,Male,126.51.197.46
676,Kurt,Dietzler,kdietzlerir@nifty.com,Male,70.254.105.98
677,Davina,Curley,dcurleyis@skype.com,Female,118.115.171.210
678,Angela,Classen,aclassenit@va.gov,Female,212.166.239.42
679,Kendrick,Rawlcliffe,krawlcliffeiu@booking.com,Male,18.167.188.242
680,Bryana,McDool,bmcdooliv@imgur.com,Female,91.129.161.96
681,Dicky,Strothers,dstrothersiw@ovh.net,Male,63.163.155.138
682,Christin,Gilchrest,cgilchrestix@sina.com.cn,Female,61.155.205.205
683,Kyle,Jedrzej,kjedrzejiy@cam.ac.uk,Female,103.255.170.0
684,Chet,Hollindale,chollindaleiz@artisteer.com,Male,133.118.33.101
685,Yvette,Haseldine,yhaseldinej0@blogtalkradio.com,Female,41.32.26.4
686,Godard,Bazire,gbazirej1@slate.com,Male,89.126.182.49
687,Claus,Wixey,cwixeyj2@ustream.tv,Male,35.182.48.157
688,Aubine,Seyler,aseylerj3@phpbb.com,Female,207.230.249.39
689,Mario,Jinkins,mjinkinsj4@walmart.com,Male,92.124.166.80
690,Morris,Nunnerley,mnunnerleyj5@gnu.org,Male,59.88.166.29
691,Dreddy,Coutts,dcouttsj6@gov.uk,Female,11.216.82.31
692,Felike,Casely,fcaselyj7@opera.com,Male,111.224.117.7
693,Dale,Aspenlon,daspenlonj8@a8.net,Male,189.118.111.8
694,Hanny,Tummons,htummonsj9@dmoz.org,Female,233.65.4.22
695,Keith,MacCoughan,kmaccoughanja@miitbeian.gov.cn,Male,36.15.241.152
696,Winston,MacKibbon,wmackibbonjb@bigcartel.com,Male,101.37.219.62
697,Aguste,Sandell,asandelljc@bandcamp.com,Male,93.145.75.34
698,Kettie,Greenhough,kgreenhoughjd@apache.org,Female,157.7.24.148
699,Kassia,Local,klocalje@mac.com,Female,67.32.99.220
700,Obediah,Pursey,opurseyjf@cornell.edu,Male,217.61.11.20
701,Lem,Le Blond,lleblondjg@army.mil,Male,17.133.33.233
702,Justine,Roly,jrolyjh@slideshare.net,Female,235.17.190.146
703,Izak,Monier,imonierji@freewebs.com,Male,204.179.162.188
704,Dalia,Lerwill,dlerwilljj@facebook.com,Female,179.197.247.163
705,Reg,Ferreli,rferrelijk@howstuffworks.com,Male,125.39.138.153
706,Artie,Rablen,arablenjl@rakuten.co.jp,Male,180.138.199.1
707,Sauncho,Perrone,sperronejm@canalblog.com,Male,73.58.161.184
708,Ansley,Harrell,aharrelljn@delicious.com,Female,201.64.199.195
709,Alene,Kohtler,akohtlerjo@discuz.net,Female,60.106.217.249
710,Stuart,Boulding,sbouldingjp@amazonaws.com,Male,147.50.202.173
711,Fulton,Rowler,frowlerjq@so-net.ne.jp,Male,136.221.99.32
712,Kenneth,Titterton,ktittertonjr@webeden.co.uk,Male,85.200.192.66
713,Veronika,Caile,vcailejs@telegraph.co.uk,Female,170.121.175.142
714,Monroe,Looney,mlooneyjt@wufoo.com,Male,147.226.170.115
715,Lucienne,Bindon,lbindonju@xinhuanet.com,Female,24.37.116.142
716,Caty,Mandy,cmandyjv@is.gd,Female,42.163.133.188
717,Sibel,Pischof,spischofjw@bravesites.com,Female,246.204.50.222
718,Ilaire,Rymill,irymilljx@mtv.com,Male,180.188.234.128
719,Terrance,Grigoliis,tgrigoliisjy@unicef.org,Male,157.54.150.55
720,Michaela,Cooksey,mcookseyjz@vkontakte.ru,Female,218.73.43.75
721,Brittan,Knibb,bknibbk0@vistaprint.com,Female,97.126.188.195
722,Carny,Leslie,clesliek1@buzzfeed.com,Male,80.226.128.229
723,Tate,Roches,trochesk2@thetimes.co.uk,Male,112.26.172.196
724,Nealon,Dashper,ndashperk3@hatena.ne.jp,Male,217.52.37.122
725,Melania,Battram,mbattramk4@ebay.co.uk,Female,119.0.76.199
726,Hedwiga,Malden,hmaldenk5@webeden.co.uk,Female,30.105.205.69
727,Freddi,Neesam,fneesamk6@cdbaby.com,Female,183.215.45.234
728,Koo,Woodlands,kwoodlandsk7@ifeng.com,Female,124.168.190.241
729,Jasmina,Pacheco,jpachecok8@dmoz.org,Female,190.205.216.1
730,Karina,Evett,kevettk9@archive.org,Female,199.28.163.4
731,Randee,MacKaig,rmackaigka@webs.com,Female,92.249.10.100
732,Keslie,Foxten,kfoxtenkb@mapquest.com,Female,54.4.47.112
733,Paulita,Riggott,priggottkc@mysql.com,Female,221.53.218.112
734,Jedediah,Polycote,jpolycotekd@ebay.com,Male,21.169.81.62
735,Berry,Yakovlev,byakovlevke@huffingtonpost.com,Female,147.129.163.148
736,Nadean,Devitt,ndevittkf@cdc.gov,Female,213.121.208.207
737,Lela,McKerron,lmckerronkg@list-manage.com,Female,16.194.39.227
738,Olivier,Towndrow,otowndrowkh@ihg.com,Male,2.165.170.175
739,Kerwinn,Thurborn,kthurbornki@loc.gov,Male,212.244.86.13
740,Mateo,Pinwell,mpinwellkj@delicious.com,Male,47.58.147.21
741,Herschel,Jeffray,hjeffraykk@shop-pro.jp,Male,226.137.93.92
742,Ximenez,Allcoat,xallcoatkl@squidoo.com,Male,214.43.133.232
743,Fancie,Shellard,fshellardkm@ameblo.jp,Female,202.164.33.126
744,Fabian,Gittens,fgittenskn@devhub.com,Male,251.23.203.24
745,Beulah,Di Franceshci,bdifranceshciko@nyu.edu,Female,104.134.77.214
746,Juan,Creebo,jcreebokp@goo.ne.jp,Male,41.53.133.128
747,Ashley,Rykert,arykertkq@cargocollective.com,Male,145.156.18.238
748,Ode,Bernette,obernettekr@livejournal.com,Male,230.5.132.235
749,Bibi,Sybe,bsybeks@google.com,Female,5.86.19.208
750,Zorah,Carberry,zcarberrykt@house.gov,Female,6.116.253.71
751,Wandie,Brauninger,wbrauningerku@w3.org,Female,232.2.7.246
752,Conan,Sprigin,cspriginkv@themeforest.net,Male,207.75.94.151
753,Diahann,Zanicchelli,dzanicchellikw@hexun.com,Female,247.138.22.98
754,Silvester,Goldbourn,sgoldbournkx@intel.com,Male,225.50.22.196
755,Tomlin,Kleeborn,tkleebornky@spiegel.de,Male,249.47.70.224
756,Caesar,Ivamy,civamykz@prweb.com,Male,81.44.144.214
757,Brittney,Kinneally,bkinneallyl0@vinaora.com,Female,224.6.148.143
758,Stacee,Edmunds,sedmundsl1@google.ru,Female,85.94.164.247
759,Sebastian,Winsome,swinsomel2@infoseek.co.jp,Male,251.212.181.32
760,Geri,Brister,gbristerl3@addthis.com,Female,169.46.253.169
761,Noe,Ruffell,nruffelll4@foxnews.com,Male,47.190.16.111
762,Rania,McSpirron,rmcspirronl5@psu.edu,Female,149.41.16.47
763,Leoline,McConway,lmcconwayl6@homestead.com,Female,153.212.121.38
764,Roberto,Le Jean,rlejeanl7@washington.edu,Male,89.103.76.182
765,Jordon,Cuxson,jcuxsonl8@hubpages.com,Male,124.99.138.131
766,Avril,Surman-Wells,asurmanwellsl9@state.tx.us,Female,226.99.240.190
767,Clarence,Reiners,creinersla@e-recht24.de,Male,213.243.91.23
768,Mattias,Josefsen,mjosefsenlb@sourceforge.net,Male,117.60.15.216
769,Myrlene,Tomes,mtomeslc@barnesandnoble.com,Female,90.145.72.81
770,Lucius,Starkey,lstarkeyld@nature.com,Male,142.27.212.204
771,Wilmette,Medford,wmedfordle@webeden.co.uk,Female,81.30.99.182
772,Ricki,Turtle,rturtlelf@issuu.com,Male,237.204.169.178
773,Nicolea,Caslett,ncaslettlg@taobao.com,Female,115.34.248.254
774,Yoshi,Sawer,ysawerlh@tinyurl.com,Female,139.0.45.8
775,Parry,McFie,pmcfieli@opensource.org,Male,172.145.138.192
776,Whitman,Camoys,wcamoyslj@devhub.com,Male,66.144.3.90
777,Elbertine,Nottingam,enottingamlk@hatena.ne.jp,Female,1.124.215.131
778,Rodd,Shadrach,rshadrachll@privacy.gov.au,Male,196.93.127.187
779,Jeana,Stockport,jstockportlm@gmpg.org,Female,41.205.173.77
780,Torr,Dilrew,tdilrewln@163.com,Male,186.81.165.213
781,Carmina,Ruddick,cruddicklo@thetimes.co.uk,Female,66.96.24.114
782,Alexine,Gunningham,agunninghamlp@apache.org,Female,32.1.123.78
783,Frederigo,Arnall,farnalllq@opensource.org,Male,9.230.5.185
784,Karlie,Moultrie,kmoultrielr@skyrock.com,Female,171.120.148.0
785,Estrellita,Teasdale-Markie,eteasdalemarkiels@cnn.com,Female,156.98.197.142
786,Vaclav,Raulstone,vraulstonelt@blogtalkradio.com,Male,209.116.182.221
787,Regan,Couvet,rcouvetlu@psu.edu,Male,212.97.7.178
788,Henrieta,Corbert,hcorbertlv@desdev.cn,Female,138.55.71.56
789,Pryce,Emons,pemonslw@tinypic.com,Male,65.56.147.195
790,Vilhelmina,Lynagh,vlynaghlx@umich.edu,Female,68.176.41.145
791,Opaline,Lambrick,olambrickly@fda.gov,Female,188.79.235.38
792,Putnam,Byford,pbyfordlz@salon.com,Male,103.136.155.129
793,Jilleen,Middiff,jmiddiffm0@sbwire.com,Female,166.238.21.136
794,Alva,Eisikowitch,aeisikowitchm1@tmall.com,Male,53.94.142.123
795,Zondra,Androletti,zandrolettim2@sun.com,Female,98.159.243.42
796,Valentine,Nutting,vnuttingm3@wikia.com,Male,23.83.127.30
797,Jamal,Tuxsell,jtuxsellm4@github.io,Male,35.103.141.190
798,Dare,Di Ruggiero,ddiruggierom5@nydailynews.com,Male,234.159.228.95
799,Rica,Baroc,rbarocm6@squidoo.com,Female,217.252.253.86
800,Beale,Megarrell,bmegarrellm7@pagesperso-orange.fr,Male,26.62.47.65
801,Edee,Selesnick,eselesnickm8@dailymail.co.uk,Female,49.241.94.160
802,Lenci,Filkov,lfilkovm9@rakuten.co.jp,Male,67.1.81.178
803,Antin,Gascoyen,agascoyenma@bbc.co.uk,Male,16.32.114.53
804,Beck,Baniard,bbaniardmb@cnbc.com,Male,128.153.228.70
805,Auberon,Kirby,akirbymc@java.com,Male,248.64.148.165
806,Piper,Taks,ptaksmd@nationalgeographic.com,Female,124.75.150.183
807,Stan,Sudy,ssudyme@people.com.cn,Male,8.93.238.63
808,Minta,Cheke,mchekemf@amazon.com,Female,9.16.183.86
809,Ainslie,Rubertelli,arubertellimg@wordpress.com,Female,84.245.119.77
810,Carson,Lunn,clunnmh@fc2.com,Male,225.159.246.245
811,Niall,Wager,nwagermi@reddit.com,Male,212.240.183.242
812,Marsiella,Bettridge,mbettridgemj@howstuffworks.com,Female,38.149.235.1
813,Alysa,Beckson,abecksonmk@independent.co.uk,Female,157.10.247.34
814,Anthiathia,Scorer,ascorerml@discuz.net,Female,36.43.231.28
815,Delainey,Desouza,ddesouzamm@printfriendly.com,Male,130.1.167.47
816,Mikael,Local,mlocalmn@gnu.org,Male,75.8.236.115
817,Angelita,Wright,awrightmo@google.com.hk,Female,223.248.228.128
818,Justin,Cramb,jcrambmp@storify.com,Male,65.245.126.131
819,Gus,Cino,gcinomq@ucoz.ru,Female,215.191.52.41
820,Bayard,Brucker,bbruckermr@va.gov,Male,36.98.205.41
821,Mei,Gummery,mgummeryms@scientificamerican.com,Female,226.113.94.240
822,Minerva,Enric,menricmt@sina.com.cn,Female,53.205.113.167
823,Jade,Tredgold,jtredgoldmu@archive.org,Female,137.173.147.85
824,Leeland,Devinn,ldevinnmv@about.me,Male,190.214.228.175
825,Emmi,Joffe,ejoffemw@howstuffworks.com,Female,233.182.152.41
826,Jeth,Beeston,jbeestonmx@cafepress.com,Male,14.252.2.189
827,Adriano,Faughnan,afaughnanmy@wiley.com,Male,119.170.78.44
828,Antons,Orring,aorringmz@spotify.com,Male,228.36.133.237
829,Guntar,Corradetti,gcorradettin0@163.com,Male,87.39.65.81
830,Moritz,Blunsen,mblunsenn1@behance.net,Male,54.8.14.166
831,Florella,Hancell,fhancelln2@constantcontact.com,Female,237.250.4.231
832,Timi,Espinet,tespinetn3@icio.us,Female,11.194.212.95
833,Flori,Duffit,fduffitn4@constantcontact.com,Female,169.137.63.22
834,Normie,Witcher,nwitchern5@berkeley.edu,Male,65.216.67.0
835,Sonny,Addey,saddeyn6@imgur.com,Male,160.11.230.205
836,Aeriela,Gayne,agaynen7@spiegel.de,Female,39.86.18.10
837,Annabella,Aldham,aaldhamn8@globo.com,Female,178.172.97.23
838,Granville,Adshede,gadsheden9@abc.net.au,Male,232.35.29.55
839,Aylmar,Marlin,amarlinna@i2i.jp,Male,45.53.179.182
840,Leonhard,Huetson,lhuetsonnb@sakura.ne.jp,Male,92.54.211.167
841,Pennie,McGarva,pmcgarvanc@dyndns.org,Male,115.112.107.181
842,Boothe,Janu,bjanund@archive.org,Male,218.173.99.221
843,Della,Ouldcott,douldcottne@edublogs.org,Female,28.100.126.160
844,Tammy,Pettegree,tpettegreenf@nbcnews.com,Male,136.151.205.178
845,Scarface,Pennini,spennining@virginia.edu,Male,215.214.103.164
846,Damian,Peto,dpetonh@dagondesign.com,Male,232.129.47.191
847,Rex,Cawthra,rcawthrani@de.vu,Male,253.121.92.211
848,Krissy,Fery,kferynj@rakuten.co.jp,Female,41.175.42.23
849,Farrah,Ritelli,fritellink@example.com,Female,252.147.152.218
850,Ronald,Peery,rpeerynl@google.co.jp,Male,110.131.31.239
851,Ruttger,Ship,rshipnm@ucoz.ru,Male,151.184.109.154
852,Sheridan,Biaggetti,sbiaggettinn@behance.net,Male,82.234.179.137
853,Goober,Macknish,gmacknishno@sakura.ne.jp,Male,189.153.60.53
854,Quill,Culpin,qculpinnp@rambler.ru,Male,254.219.211.109
855,Lu,Chaize,lchaizenq@sitemeter.com,Female,179.207.215.120
856,Kaycee,Dumbrill,kdumbrillnr@apache.org,Female,115.0.116.121
857,Maddy,Heel,mheelns@wix.com,Female,202.107.32.233
858,Marris,Youel,myouelnt@fastcompany.com,Female,136.40.204.11
859,Charil,Nehl,cnehlnu@biglobe.ne.jp,Female,179.255.177.40
860,Quincey,Davidy,qdavidynv@earthlink.net,Male,39.125.97.77
861,Shane,MacGow,smacgownw@odnoklassniki.ru,Female,123.86.80.155
862,Jere,Bengough,jbengoughnx@gizmodo.com,Male,252.80.133.173
863,Rivalee,Hlavac,rhlavacny@cmu.edu,Female,12.9.191.5
864,Brenda,Bodechon,bbodechonnz@army.mil,Female,98.92.69.153
865,Bernadette,Toulamain,btoulamaino0@cnbc.com,Female,218.17.210.209
866,Fleur,Marquez,fmarquezo1@csmonitor.com,Female,103.148.247.147
867,Tammi,Dyka,tdykao2@tuttocitta.it,Female,91.234.110.151
868,Lauren,Matussow,lmatussowo3@rambler.ru,Male,36.86.117.25
869,Web,Eyeington,weyeingtono4@miibeian.gov.cn,Male,49.223.4.66
870,Fletcher,Palle,fpalleo5@dagondesign.com,Male,13.239.112.100
871,Miran,Arminger,marmingero6@ucsd.edu,Female,163.252.60.166
872,Avrit,Arrundale,aarrundaleo7@prnewswire.com,Female,36.182.35.112
873,Addy,Hawkey,ahawkeyo8@yelp.com,Male,64.56.228.222
874,Yehudi,Bosch,yboscho9@ocn.ne.jp,Male,233.175.88.239
875,Sergio,Gorgen,sgorgenoa@ebay.co.uk,Male,75.203.169.137
876,Rawley,Bradforth,rbradforthob@europa.eu,Male,73.144.78.104
877,Lavina,Cordelle,lcordelleoc@dion.ne.jp,Female,57.120.128.167
878,Bud,Bulley,bbulleyod@skyrock.com,Male,112.102.203.238
879,Humfrid,Dumbare,hdumbareoe@oaic.gov.au,Male,90.170.134.159
880,Travus,Tressler,ttresslerof@reverbnation.com,Male,5.149.78.227
881,Lethia,Pontain,lpontainog@youku.com,Female,151.2.210.225
882,Mitchel,Caton,mcatonoh@wsj.com,Male,250.159.140.223
883,Tiffani,Menendez,tmenendezoi@ed.gov,Female,133.72.234.247
884,Nicolas,Beaushaw,nbeaushawoj@trellian.com,Male,4.111.143.57
885,Symon,Kurth,skurthok@uol.com.br,Male,109.172.178.75
886,Silvain,Bleythin,sbleythinol@cdc.gov,Male,25.180.8.208
887,Leupold,Beckford,lbeckfordom@ehow.com,Male,221.45.212.189
888,Lia,Geerdts,lgeerdtson@washington.edu,Female,74.105.97.32
889,Tanner,Husbands,thusbandsoo@psu.edu,Male,68.149.11.2
890,Guglielmo,Eckley,geckleyop@weebly.com,Male,56.50.12.177
891,Kania,Testo,ktestooq@google.de,Female,192.5.196.98
892,Alyce,Patis,apatisor@elpais.com,Female,14.118.17.35
893,Kaye,Bredbury,kbredburyos@barnesandnoble.com,Female,71.106.195.211
894,Myrtie,Tupie,mtupieot@tamu.edu,Female,222.134.171.149
895,Selene,Chritchlow,schritchlowou@sciencedirect.com,Female,120.2.207.107
896,Vivianne,Wigin,vwiginov@eventbrite.com,Female,82.239.211.146
897,Jeannine,Janes,jjanesow@zimbio.com,Female,238.151.98.24
898,Timi,Bounds,tboundsox@themeforest.net,Female,87.91.26.50
899,Pepita,Aberdalgy,paberdalgyoy@princeton.edu,Female,164.134.56.186
900,Alair,Nouch,anouchoz@ebay.co.uk,Male,199.156.10.119
901,Carry,Barrar,cbarrarp0@yale.edu,Female,150.214.216.20
902,Prentice,Lindores,plindoresp1@ning.com,Male,80.179.101.106
903,Austen,Cogdon,acogdonp2@behance.net,Male,161.25.183.194
904,Valeda,Infante,vinfantep3@sciencedaily.com,Female,223.198.161.167
905,Gorden,Lownds,glowndsp4@ft.com,Male,41.193.89.176
906,Lesley,Balmann,lbalmannp5@merriam-webster.com,Female,7.51.138.13
907,Pattie,Rodolphe,prodolphep6@wikimedia.org,Female,125.170.173.116
908,Josy,Fevers,jfeversp7@google.ca,Female,64.61.137.7
909,Val,Janew,vjanewp8@sciencedirect.com,Male,91.194.220.2
910,Thedric,Downage,tdownagep9@phoca.cz,Male,151.188.134.40
911,Adair,Pentelow,apentelowpa@netvibes.com,Male,199.28.248.119
912,Hakeem,Phateplace,hphateplacepb@miibeian.gov.cn,Male,148.23.141.178
913,Rudie,Ossulton,rossultonpc@harvard.edu,Male,10.149.129.82
914,Lynea,Ferfulle,lferfullepd@yellowpages.com,Female,237.189.216.126
915,Kennedy,Dyment,kdymentpe@mail.ru,Male,22.78.237.194
916,Hersch,Webborn,hwebbornpf@sbwire.com,Male,253.180.139.38
917,Mariquilla,Roller,mrollerpg@g.co,Female,167.194.222.6
918,Sasha,Devereux,sdevereuxph@free.fr,Male,97.102.147.64
919,Zollie,Brace,zbracepi@ask.com,Male,41.116.151.19
920,Anallese,Jepperson,ajeppersonpj@i2i.jp,Female,145.17.75.188
921,Fidole,Piatto,fpiattopk@cbc.ca,Male,87.68.68.16
922,Farica,Phuprate,fphupratepl@plala.or.jp,Female,117.132.75.42
923,Vivianna,Buzine,vbuzinepm@nymag.com,Female,167.92.55.251
924,Dagny,Clemente,dclementepn@mail.ru,Male,57.244.60.118
925,Cairistiona,Soal,csoalpo@usgs.gov,Female,116.179.92.199
926,Julienne,Oherlihy,joherlihypp@mac.com,Female,42.254.144.231
927,Lucas,Grier,lgrierpq@acquirethisname.com,Male,229.212.212.139
928,Mord,Duffin,mduffinpr@dell.com,Male,62.53.139.17
929,Dodie,Kilty,dkiltyps@lycos.com,Female,109.150.140.209
930,Charlean,Beament,cbeamentpt@ihg.com,Female,222.31.94.143
931,Zacherie,Keigher,zkeigherpu@freewebs.com,Male,171.31.61.254
932,Aleda,Speake,aspeakepv@youtu.be,Female,70.152.13.251
933,Reinwald,Wittier,rwittierpw@netlog.com,Male,75.204.249.165
934,Nicolea,Allaker,nallakerpx@studiopress.com,Female,37.104.193.181
935,Andrus,Kacheller,akachellerpy@nsw.gov.au,Male,86.95.34.121
936,Ethyl,Diboll,edibollpz@tinyurl.com,Female,91.112.210.13
937,Durand,Tyer,dtyerq0@cornell.edu,Male,20.42.127.59
938,Tildy,Linskey,tlinskeyq1@i2i.jp,Female,153.11.88.229
939,Lodovico,Boddice,lboddiceq2@arizona.edu,Male,46.147.120.125
940,Granthem,Sherston,gsherstonq3@gov.uk,Male,169.142.28.43
941,Arlen,Lehemann,alehemannq4@php.net,Male,175.216.179.84
942,Kale,Goney,kgoneyq5@cdbaby.com,Male,42.142.235.235
943,Virgie,Stockall,vstockallq6@moonfruit.com,Male,115.152.204.120
944,Giusto,Krysztofiak,gkrysztofiakq7@yandex.ru,Male,6.212.148.8
945,Lucilia,Povall,lpovallq8@about.me,Female,178.85.15.135
946,Levey,Gilchriest,lgilchriestq9@dedecms.com,Male,158.74.42.186
947,Beatriz,Woods,bwoodsqa@huffingtonpost.com,Female,99.18.120.49
948,Magdalena,Moyser,mmoyserqb@bluehost.com,Female,167.62.159.109
949,Matt,Penas,mpenasqc@github.com,Male,151.153.104.94
950,Cyrus,Click,cclickqd@tumblr.com,Male,246.6.70.83
951,Laird,Minkin,lminkinqe@acquirethisname.com,Male,215.29.198.4
952,Felecia,Heinemann,fheinemannqf@xinhuanet.com,Female,3.143.153.111
953,Raimund,Dennington,rdenningtonqg@mozilla.org,Male,88.36.42.22
954,Sidonnie,Londer,slonderqh@google.ca,Female,11.6.15.93
955,June,Bernardi,jbernardiqi@yahoo.co.jp,Female,135.97.248.164
956,Jacinthe,Touson,jtousonqj@wired.com,Female,88.18.113.230
957,Rae,Metzig,rmetzigqk@purevolume.com,Female,92.39.239.205
958,Brigitte,Glanz,bglanzql@constantcontact.com,Female,26.202.168.195
959,Corbin,Chick,cchickqm@xrea.com,Male,188.234.96.57
960,Rania,Colbertson,rcolbertsonqn@cornell.edu,Female,138.196.21.199
961,Katerina,Wheeldon,kwheeldonqo@state.tx.us,Female,180.144.237.241
962,Aaren,Pollendine,apollendineqp@istockphoto.com,Female,83.60.98.34
963,Henrietta,Andreas,handreasqq@google.es,Female,157.106.133.254
964,Horst,Tunnock,htunnockqr@zdnet.com,Male,166.218.234.116
965,Ramsey,Whitehorne,rwhitehorneqs@who.int,Male,196.150.206.175
966,Conrad,Paniman,cpanimanqt@irs.gov,Male,105.206.209.153
967,Freeland,O'Bradden,fobraddenqu@ameblo.jp,Male,249.199.228.190
968,Sutherlan,McRory,smcroryqv@harvard.edu,Male,166.61.82.174
969,Oriana,Billington,obillingtonqw@wired.com,Female,212.91.0.210
970,Reinaldos,Cater,rcaterqx@miitbeian.gov.cn,Male,11.223.129.129
971,Bernadette,Caudrelier,bcaudrelierqy@fastcompany.com,Female,181.90.188.183
972,Wernher,Moylane,wmoylaneqz@t.co,Male,143.145.149.92
973,Rice,Ovendon,rovendonr0@imgur.com,Male,9.29.240.192
974,Allyn,Levis,alevisr1@linkedin.com,Male,20.42.238.98
975,Rebeca,Martijn,rmartijnr2@a8.net,Female,168.128.20.51
976,Kamila,O'Carran,kocarranr3@addthis.com,Female,3.161.68.226
977,Elke,Beardwood,ebeardwoodr4@newsvine.com,Female,205.236.76.156
978,Alford,Hardington,ahardingtonr5@digg.com,Male,242.83.205.53
979,Val,Sergant,vsergantr6@npr.org,Male,167.204.208.190
980,Hollis,McIlhagga,hmcilhaggar7@hc360.com,Male,124.157.117.130
981,Rudie,Siemons,rsiemonsr8@oakley.com,Male,64.222.198.151
982,Dore,Wilcinskis,dwilcinskisr9@npr.org,Male,180.238.233.115
983,Trixie,Hurford,thurfordra@time.com,Female,194.75.159.106
984,Alina,Gritsunov,agritsunovrb@hao123.com,Female,74.193.203.237
985,Justin,Umney,jumneyrc@plala.or.jp,Male,134.67.38.212
986,Brigitta,Woodrooffe,bwoodroofferd@ucla.edu,Female,177.225.224.135
987,Frazer,Carlisi,fcarlisire@diigo.com,Male,190.177.175.24
988,Heath,Spellman,hspellmanrf@fda.gov,Male,217.53.184.127
989,Westleigh,Lamonby,wlamonbyrg@com.com,Male,23.243.180.190
990,Bronson,Gormally,bgormallyrh@npr.org,Male,141.139.230.172
991,Luise,Messenger,lmessengerri@mit.edu,Female,54.46.7.91
992,Amalie,Leechman,aleechmanrj@cyberchimps.com,Female,87.85.204.226
993,Blondy,Leming,blemingrk@twitter.com,Female,15.197.194.221
994,Alyss,Hentze,ahentzerl@xrea.com,Female,89.187.176.32
995,Sayre,Featherstonhaugh,sfeatherstonhaughrm@bloglovin.com,Male,140.182.242.84
996,Eben,Buckie,ebuckiern@flavors.me,Male,247.32.120.42
997,Zack,Noni,znoniro@ihg.com,Male,136.35.56.227
998,Belle,Gambie,bgambierp@imdb.com,Female,87.95.208.188
999,Antone,Christopher,achristopherrq@bigcartel.com,Male,31.218.145.244
1000,Nikkie,Blackall,nblackallrr@shinystat.com,Female,46.214.32.12
